1,Alice Walker,South Africa
2,George Orwell,Brazil
3,F. Scott Fitzgerald,Germany
4,J.K. Rowling,United States
5,Mark Twain,United Kingdom
6,Ernest Hemingway,South Africa
7,Jane Austen,Japan
8,Gabriel García Márquez,Canada
9,Toni Morrison,Australia
10,Stephen King,Canada
11,Agatha Christie,Australia
12,J.R.R. Tolkien,Brazil
13,Harper Lee,Germany
14,C.S. Lewis,Canada
15,Charles Dickens,United States
16,Virginia Woolf,India
17,Leo Tolstoy,Germany
18,Franz Kafka,Canada
19,H.G. Wells,South Africa
20,Ray Bradbury,Australia
21,Isaac Asimov,Germany
22,Margaret Atwood,Germany
23,John Steinbeck,South Africa
24,Kurt Vonnegut,Canada
25,J.D. Salinger,Canada
26,Emily Dickinson,United Kingdom
27,Oscar Wilde,Japan
28,John Grisham,South Africa
29,Paulo Coelho,Brazil
30,Chuck Palahniuk,South Africa
31,Neil Gaiman,South Africa
32,George R.R. Martin,Canada
33,David Mitchell,United Kingdom
34,Dan Brown,Germany
35,Herman Melville,Brazil
36,Zadie Smith,South Africa
37,James Joyce,United States
38,Philip K. Dick,India
39,Margaret Laurence,France
40,Octavia Butler,South Africa
41,Alice Munro,Canada
42,Salman Rushdie,South Africa
43,Ian McEwan,United Kingdom
44,T.H. White,India
45,Roald Dahl,India
46,Raymond Carver,South Africa
47,Nora Ephron,France
48,Cormac McCarthy,Australia
49,Maya Angelou,Australia
50,David Foster Wallace,Japan
51,Khaled Hosseini,India
52,Yaa Gyasi,Australia
53,Jhumpa Lahiri,India
54,Richard Wright,India
55,Louise Erdrich,Japan
56,Ruth Ozeki,Japan
57,Colson Whitehead,France
58,Liane Moriarty,Brazil
59,Zora Neale Hurston,Canada
60,Elizabeth Gilbert,Germany
61,Madeleine L'Engle,Canada
62,Terry Pratchett,Canada
63,E.L. James,Canada
64,Marilynne Robinson,Canada
65,Jonathan Franzen,Japan
66,Samantha Shannon,Germany
67,Christopher Paolini,South Africa
68,Rainbow Rowell,Brazil
69,Ken Follett,Germany
70,Daphne du Maurier,South Africa
71,Nicholas Sparks,Japan
72,David Baldacci,Canada
73,Jodi Picoult,Germany
74,Patricia Highsmith,United Kingdom
75,Thomas Hardy,France
76,Gillian Flynn,France
77,Harlan Coben,Australia
78,Stephen Hawking,Japan
79,Tess Gerritsen,United States
80,Stephen Chbosky,Canada
81,John Green,India
82,Mitch Albom,United States
83,Sue Monk Kidd,Brazil
84,Anne Rice,South Africa
85,Chimamanda Ngozi Adichie,France
86,Willa Cather,France
87,Aldous Huxley,United States
88,John Updike,Brazil
89,Henry James,Australia
90,Elif Shafak,India
91,Bram Stoker,Brazil
92,Evelyn Waugh,Brazil
93,T. S. Eliot,Germany
94,Wallace Stegner,United Kingdom
95,Robert Louis Stevenson,Australia
96,Alice Sebold,United Kingdom
97,David Mitchell,Brazil
98,Irvine Welsh,Germany
99,Philip Pullman,Canada
100,Richard Adams,South Africa
101,Truman Capote,Brazil
102,Jasper Fforde,South Africa
103,Harlan Ellison,Japan
104,Marilynne Robinson,Japan
105,Joyce Carol Oates,Canada
106,Gustave Flaubert,Germany
107,Pat Conroy,Germany
108,John Banville,India
109,Lorrie Moore,United States
110,Kazuo Ishiguro,South Africa
111,John Irving,Brazil
112,Barbara Kingsolver,France
113,Anne Tyler,United Kingdom
114,Cormac McCarthy,Germany
115,Mitch Albom,South Africa
116,Kurt Vonnegut,United States
117,Chris Bohjalian,United Kingdom
118,Jonathan Safran Foer,Canada
119,Rita Mae Brown,Australia
120,Barbara Cartland,United States
121,Danielle Steel,United Kingdom
122,Robert Cormier,United States
123,Bill Bryson,United States
124,Joyce Meyer,India
125,Elena Ferrante,Canada
126,Mark Haddon,South Africa
127,Tom Robbins,South Africa
128,Michael Ondaatje,Germany
129,David Almond,India
130,Toni Cade Bambara,United Kingdom
131,Sophie Kinsella,South Africa
132,J. D. Robb,Germany
133,Peter Straub,Brazil
134,Michael Chabon,India
135,Marjorie Kinnan Rawlings,United States
136,Rafael Sabatini,India
137,Robert M. Pirsig,Canada
138,T. H. White,South Africa
139,W. Somerset Maugham,United Kingdom
140,Beverley Harper,South Africa
141,Philip Roth,United Kingdom
142,James Baldwin,South Africa
143,John Fowles,Canada
144,Neil Gaiman,United States
145,Robert A. Heinlein,Australia
146,Philip K. Dick,India
147,C. J. Sansom,Canada
148,Rosamund Lupton,United States
149,Carlos Ruiz Zafón,South Africa
150,David Eddings,Japan
151,Margaret Atwood,Japan
152,Eugene O'Neill,Canada
153,Susan Sontag,United Kingdom
154,Rudyard Kipling,South Africa
155,Edna O'Brien,France
156,Doris Lessing,Japan
157,Anthony Burgess,South Africa
158,John Steinbeck,United States
159,Haruki Murakami,Canada
160,Michael Ende,Australia
161,Colm Tóibín,France
162,Chris Cleave,Canada
163,Rebecca Skloot,Brazil
164,Barbara Kingsolver,Germany
165,Gary Shteyngart,India
166,M. C. Escher,South Africa
167,Octavia Butler,Canada
168,Richard Russo,France
169,Marissa Meyer,South Africa
170,Colleen Hoover,Brazil
171,Hannah Kent,Australia
172,Brandon Sanderson,South Africa
173,Ruth Ware,India
174,Katherine Paterson,France
175,Alison Weir,South Africa
176,Alex Michaelides,India
177,Nicholas Sparks,France
178,Laura Esquivel,United States
179,Samantha Shannon,Australia
180,Erik Larson,France
181,David Sedaris,India
182,Samantha Hunt,Germany
183,James Dashner,United States
184,Jessica Knoll,Germany
185,Marisha Pessl,Brazil
