1,Penguin Random House,48,4.5,6
2,HarperCollins,29,4.55,15
3,Simon & Schuster,10,0.65,19
4,Hachette Book Group,48,1.65,19
5,Macmillan,27,0.95,9
6,Scholastic,58,1.95,9
7,Wiley,21,3.4,11
8,Pearson,23,3.65,13
9,Houghton Mifflin Harcourt,32,3.35,8
10,Cambridge University Press,17,4.3,7
11,Oxford University Press,47,0.7,5
12,University of California Press,46,4.6,12
13,University of Chicago Press,11,1.1,18
14,Doubleday,10,2.05,5
15,"Little, Brown and Company",32,1.25,17
16,Knopf,13,3.1,8
17,Scribner,17,1.35,13
18,Alfred A. Knopf,38,2.55,13
19,Crown Publishing Group,44,2.5,16
20,Orbit,14,4.3,7
21,Tor Books,41,4.65,13
22,St. Martin's Press,10,0.95,11
23,"Farrar, Straus and Giroux",34,4.25,20
24,Workman Publishing,51,4.7,5
25,Sourcebooks,36,0.1,19
26,Timber Press,53,4.2,17
27,Ecco Press,47,0.55,5
28,Carson-Dellosa Publishing,25,4.35,9
29,Tyndale House Publishers,55,1.25,10
30,Harlequin,10,0.05,10
31,Holiday House,17,4.8,19
32,Zondervan,12,4.3,8
33,Bluebird,49,2.1,19
34,Avery,29,2.15,19
35,Thomson Reuters,29,4.1,17
36,Springer,18,4.1,12
37,Elsevier,52,3.3,5
38,Academic Press,38,1.6,13
39,MIT Press,14,3.25,19
40,John Wiley & Sons,27,0.3,8
41,Berkley Books,50,1.75,14
42,William Morrow,49,1.6,17
43,Putnam,22,4.85,6
44,Candlewick Press,41,4.25,16
45,Amulet Books,14,0.25,13
46,Lerner Publishing Group,28,0.25,10
47,Tachyon Publications,55,3.75,8
48,Chronicle Books,44,0.3,14
49,Shambhala Publications,21,2,9
50,Andrews McMeel Publishing,28,4.25,10
51,Rowman & Littlefield,13,2.45,6
52,Greenleaf Book Group Press,47,0.6,12
53,Presses de la Cité,17,2.1,8
54,Griffin,53,3.2,9
55,St. Martin's Griffin,47,3.7,12
56,Skyhorse Publishing,35,0.8,7
57,Workman Publishing Company,58,3.35,10
58,Per Capita Publishing,44,3.4,15
59,Sourcebooks Fire,50,4.45,15
60,Duke University Press,26,1,13
61,New York University Press,18,2.75,14
62,Princeton University Press,17,4.7,9
63,Harvard University Press,14,1.35,11
64,Yale University Press,59,0.45,14
65,Routledge,12,0.1,12
66,Taylor & Francis,19,2.6,14
67,Springer Nature,21,1,11
68,SAGE Publications,17,3.85,13
69,Rowman & Littlefield Publishers,35,2.3,8
70,Hachette Livre,25,0.95,11
71,Editis,29,4,16
72,Bonnier,22,3.6,18
73,Grupo Planeta,14,2.95,12
74,Knoff,21,0.95,10
75,Secker & Warburg,23,0.65,11
76,Piatkus,20,1,6
77,Oneworld Publications,53,4.25,20
78,Profile Books,15,3.4,12
79,Faber & Faber,22,0.65,15
80,Lulu Press,35,3.7,17
81,Blurb,15,1.75,17
82,IngramSpark,45,4.1,13
83,CreateSpace,56,2.65,16
84,BookBaby,31,3.45,14
85,Xlibris,25,2.8,19
86,iUniverse,39,1.35,15
87,Outskirts Press,52,1.75,17
88,Balboa Press,52,1.05,17
89,AuthorHouse,42,2.85,7
90,Archway Publishing,15,2.35,19
91,WestBow Press,56,1.1,12
92,Greenleaf Book Group,41,1.1,16
93,Booktrope,38,4.3,5
94,Touchstone,22,0.7,13
95,Merit Press,32,0.75,13
96,Infinity Publishing,56,0.1,15
97,Swoon Reads,28,1.35,19
98,Cypress House,13,4.25,15
99,Cedar Fort,18,0.9,19
100,Fiction Studio Books,55,1.8,5
101,Bell Bridge Books,54,0.25,5
102,Diversion Books,13,4.1,19
103,Entangled Publishing,57,0.85,15
104,Harlequin Teen,56,4.2,16
