1,user123,44,male,Engineer,L4
2,johnDoe,69,female,Marketing Specialist,L5
3,janeSmith,30,male,Engineer,L3
4,coolCat,85,female,Teacher,L4
5,adventureSeeker,56,female,Engineer,L4
6,bookworm99,32,female,Doctor,L2
7,travelBug,70,male,Teacher,L4
8,gamerGuy,39,male,Marketing Specialist,L4
9,artisticSoul,54,female,Nurse,L4
10,musicLover,89,female,Writer,L1
11,techGuru,83,female,Teacher,L5
12,fashionista88,54,female,Artist,L4
13,foodie123,37,male,Doctor,L4
14,natureExplorer,86,female,Writer,L4
15,historyBuff,53,female,Doctor,L5
16,movieFanatic,62,female,Scientist,L4
17,fitnessFreak,42,male,Scientist,L4
18,poetWarrior,71,female,Data Analyst,L4
19,dreamerGirl,25,female,Scientist,L2
20,scienceNerd,58,male,Writer,L4
21,chillVibes,86,male,Scientist,L1
22,creativeMind,62,female,Software Developer,L1
23,theRealMVP,61,female,Software Developer,L4
24,enthusiasticReader,71,female,Doctor,L1
25,happyTraveler,70,male,Teacher,L3
26,coderDude,69,female,Software Developer,L5
27,designWhiz,82,female,Software Developer,L4
28,quirkyQuokka,65,male,Marketing Specialist,L1
29,philosopherKing,77,male,Writer,L5
30,adrenalineJunkie,31,male,Software Developer,L5
31,catLady88,73,male,Teacher,L5
32,dogDad,70,female,Marketing Specialist,L4
33,sportsFanatic,75,female,Artist,L2
34,bakingQueen,54,female,Artist,L4
35,gadgetGeek,74,female,Teacher,L1
36,gamerGirl,64,female,Software Developer,L1
37,mysterySolver,23,male,Nurse,L2
38,ecoWarrior,74,female,Engineer,L4
39,coffeeAddict,51,female,Engineer,L3
40,doodleMaster,79,female,Teacher,L3
41,spicySalsa,20,female,Nurse,L3
42,vintageVibes,40,female,Nurse,L4
43,artfulDodger,61,female,Writer,L1
44,sunshineChaser,60,male,Engineer,L3
45,zombieHunter,66,male,Scientist,L1
46,creativeGenius,18,female,Artist,L3
47,starGazer,77,male,Teacher,L5
48,nerdAlert,72,female,Data Analyst,L3
49,oceanLover,46,male,Data Analyst,L4
50,cookingMaster,22,male,Data Analyst,L2
51,hikingHero,79,male,Software Developer,L4
52,charmingScribe,86,male,Artist,L2
53,futuristicThinker,40,female,Nurse,L4
54,spaceCadet,66,male,Nurse,L3
55,mindfulMaverick,53,female,Marketing Specialist,L2
56,comicConnoisseur,79,male,Writer,L4
57,writingWhiz,55,male,Software Developer,L1
58,sassyStar,42,male,Writer,L4
59,kindHeart,35,male,Data Analyst,L1
60,wittyWonder,56,female,Marketing Specialist,L3
61,fashionFreak,22,female,Software Developer,L3
62,sereneSpirit,89,male,Engineer,L4
63,happySoul,68,female,Nurse,L4
64,puzzleMaster,43,male,Data Analyst,L3
65,gameChanger,53,female,Nurse,L2
66,urbanExplorer,27,male,Engineer,L5
67,floralFanatic,35,male,Teacher,L3
68,rainbowDreamer,46,male,Writer,L4
69,natureLover,68,male,Engineer,L3
70,artfulSoul,63,female,Software Developer,L2
71,whimsicalWizard,49,male,Data Analyst,L4
72,techieTurtle,21,male,Scientist,L1
73,smartSquirrel,89,male,Data Analyst,L2
74,curiousCat,75,female,Data Analyst,L1
75,fabulousFeline,79,female,Engineer,L5
76,stylishSavant,75,female,Marketing Specialist,L5
77,adventurousAlpaca,79,female,Data Analyst,L5
78,retroGamer,32,male,Software Developer,L4
79,daringDreamer,31,female,Engineer,L1
80,artsyAardvark,87,female,Data Analyst,L5
81,epicAdventurer,36,female,Writer,L4
82,daringDolphin,58,female,Writer,L1
83,calmBreeze,68,female,Engineer,L4
84,thoughtfulTurtle,53,female,Marketing Specialist,L5
85,wildSpirit,78,female,Engineer,L1
86,coolBreeze,32,female,Software Developer,L1
87,bubblyButterfly,56,female,Teacher,L5
88,quirkyQuokka,32,male,Marketing Specialist,L2
89,peppyPenguin,66,male,Marketing Specialist,L3
90,sereneSeahorse,59,female,Writer,L5
91,friendlyFox,28,male,Writer,L5
92,happyHedgehog,59,male,Teacher,L3
93,wonderfulWhale,56,female,Software Developer,L3
94,playfulPanda,28,male,Doctor,L2
95,sneakySnake,64,female,Writer,L3
96,mischievousMonkey,20,male,Writer,L2
97,loyalLion,31,female,Teacher,L2
98,courageousCheetah,18,male,Artist,L4
99,sassySwan,22,female,Doctor,L3
100,gentleGiraffe,41,female,Artist,L3
101,wiseOwl,52,female,Data Analyst,L3
102,dreamyDove,31,female,Engineer,L3
103,fearlessFalcon,76,female,Artist,L4
104,braveBear,77,female,Data Analyst,L5
105,lovelyLynx,72,male,Artist,L2
